player_name,season,predicted_ppg
A.C. Green,2025-26,3.5
A.J. Lawson,2025-26,8.2
AJ Green,2025-26,7.6
AJ Price,2025-26,5.5
Aaron Brooks,2025-26,3.8
Aaron Gordon,2025-26,13.8
Aaron Gray,2025-26,1.9
Aaron Harrison,2025-26,5.5
Aaron Holiday,2025-26,6.3
Aaron McKie,2025-26,2.2
Aaron Nesmith,2025-26,10.8
Aaron Wiggins,2025-26,10.8
Aaron Williams,2025-26,1.5
Abdel Nader,2025-26,4.0
Acie Law,2025-26,5.4
Adam Keefe,2025-26,1.8
Adam Morrison,2025-26,4.3
Admiral Schofield,2025-26,2.9
Adonal Foyle,2025-26,1.5
Adreian Payne,2025-26,4.2
Adrian Griffin,2025-26,2.1
Al Harrington,2025-26,4.8
Al Horford,2025-26,7.2
Al Jefferson,2025-26,5.6
Al Thornton,2025-26,7.0
Al-Farouq Aminu,2025-26,4.1
Alan Anderson,2025-26,3.3
Alan Henderson,2025-26,2.6
Alan Williams,2025-26,5.3
Alando Tucker,2025-26,5.5
Alec Burks,2025-26,6.7
Aleksej Pokusevski,2025-26,6.3
Alex Abrines,2025-26,7.1
Alex Caruso,2025-26,6.0
Alex Len,2025-26,1.9
Alex Poythress,2025-26,4.7
Alexey Shved,2025-26,8.0
Alexis Ajinca,2025-26,4.9
Alfonzo McKinnie,2025-26,3.5
Alize Johnson,2025-26,4.0
Allan Houston,2025-26,9.4
Allen Crabbe,2025-26,6.5
Allen Iverson,2025-26,15.1
Alonzo Gee,2025-26,2.9
Alonzo Mourning,2025-26,4.5
Alperen Sengun,2025-26,19.9
Alton Ford,2025-26,3.3
Alvin Williams,2025-26,4.2
Amal McCaskill,2025-26,2.2
Amar'e Stoudemire,2025-26,5.8
Amir Coffey,2025-26,7.9
Amir Johnson,2025-26,4.0
Anderson Varejao,2025-26,3.3
Andray Blatche,2025-26,10.4
Andre Barrett,2025-26,3.9
Andre Brown,2025-26,3.1
Andre Drummond,2025-26,6.6
Andre Iguodala,2025-26,3.4
Andre Miller,2025-26,4.2
Andre Roberson,2025-26,2.6
Andrea Bargnani,2025-26,6.7
Andrei Kirilenko,2025-26,3.8
Andres Nocioni,2025-26,3.2
Andrew Bogut,2025-26,3.4
Andrew Bynum,2025-26,12.7
Andrew DeClercq,2025-26,1.9
Andrew Harrison,2025-26,5.3
Andrew Lang,2025-26,3.1
Andrew Nembhard,2025-26,9.8
Andrew Nicholson,2025-26,3.4
Andrew Wiggins,2025-26,14.2
Andris Biedrins,2025-26,1.9
Anfernee Hardaway,2025-26,3.2
Anfernee Simons,2025-26,17.9
Ansu Sesay,2025-26,3.5
Antawn Jamison,2025-26,5.2
Ante Zizic,2025-26,5.3
Anthony Bennett,2025-26,5.3
Anthony Carter,2025-26,2.4
Anthony Davis,2025-26,22.4
Anthony Edwards,2025-26,26.6
Anthony Gill,2025-26,2.8
Anthony Goldwire,2025-26,4.9
Anthony Johnson,2025-26,3.8
Anthony Mason,2025-26,5.9
Anthony Miller,2025-26,3.0
Anthony Morrow,2025-26,5.3
Anthony Parker,2025-26,5.6
Anthony Peeler,2025-26,3.4
Anthony Randolph,2025-26,5.9
Anthony Roberson,2025-26,5.6
Anthony Tolliver,2025-26,3.1
Antoine Carr,2025-26,3.0
Antoine Walker,2025-26,6.9
Antoine Wright,2025-26,5.4
Antonio Daniels,2025-26,4.2
Antonio Davis,2025-26,4.4
Antonio Harvey,2025-26,2.3
Antonio Lang,2025-26,3.4
Antonio McDyess,2025-26,4.5
Archie Goodwin,2025-26,8.0
Arinze Onuaku,2025-26,2.9
Armen Gilliam,2025-26,4.5
Armoni Brooks,2025-26,6.7
Aron Baynes,2025-26,4.4
Arron Afflalo,2025-26,4.7
Arvydas Sabonis,2025-26,6.0
Austin Croshere,2025-26,3.3
Austin Daye,2025-26,3.8
Austin Reaves,2025-26,18.1
Austin Rivers,2025-26,4.8
Avery Bradley,2025-26,3.8
Avery Johnson,2025-26,3.2
Awvee Storey,2025-26,3.7
Axel Toupane,2025-26,3.4
Ayo Dosunmu,2025-26,9.2
B.J. Armstrong,2025-26,5.1
BJ Johnson,2025-26,7.2
Bam Adebayo,2025-26,18.6
Baron Davis,2025-26,6.3
Ben Davis,2025-26,4.7
Ben Gordon,2025-26,5.5
Ben McLemore,2025-26,8.5
Ben Simmons,2025-26,6.1
Ben Wallace,2025-26,1.8
Bennedict Mathurin,2025-26,16.0
Beno Udrih,2025-26,4.4
Benoit Benjamin,2025-26,4.6
Bernard James,2025-26,2.6
Bernard Robinson,2025-26,3.9
Bill Curley,2025-26,3.3
Bill Wennington,2025-26,3.0
Billy Owens,2025-26,3.6
Billy Thomas,2025-26,3.8
Bimbo Coles,2025-26,3.0
Bismack Biyombo,2025-26,3.0
Bison Dele,2025-26,9.7
Blake Ahearn,2025-26,4.5
Blake Griffin,2025-26,4.3
Blake Wesley,2025-26,5.3
Blue Edwards,2025-26,4.1
Bo Outlaw,2025-26,5.1
Bob Sura,2025-26,8.3
Boban Marjanovic,2025-26,3.5
Bobby Brown,2025-26,3.8
Bobby Jackson,2025-26,6.6
Bobby Phills,2025-26,11.5
Bobby Portis,2025-26,12.1
Bobby Simmons,2025-26,3.3
Bogdan Bogdanović,2025-26,9.1
Bojan Bogdanovic,2025-26,10.1
Bol Bol,2025-26,5.9
Bones Hyland,2025-26,9.2
Bonzi Wells,2025-26,7.9
Boris Diaw,2025-26,5.0
Bostjan Nachbar,2025-26,8.0
Brad Miller,2025-26,3.5
Brad Wanamaker,2025-26,3.5
Bradley Beal,2025-26,15.2
Brandan Wright,2025-26,4.6
Brandon Armstrong,2025-26,5.5
Brandon Bass,2025-26,5.0
Brandon Boston,2025-26,8.7
Brandon Clarke,2025-26,9.4
Brandon Goodwin,2025-26,6.1
Brandon Ingram,2025-26,18.9
Brandon Jennings,2025-26,6.4
Brandon Knight,2025-26,3.8
Brandon Roy,2025-26,7.2
Brandon Rush,2025-26,3.5
Brandon Williams,2025-26,9.8
Braxton Key,2025-26,3.8
Brendan Haywood,2025-26,2.7
Brent Barry,2025-26,3.2
Brent Price,2025-26,3.4
Brevin Knight,2025-26,4.0
Brian Cardinal,2025-26,1.8
Brian Cook,2025-26,2.9
Brian Evans,2025-26,4.0
Brian Grant,2025-26,3.6
Brian Roberts,2025-26,4.0
Brian Scalabrine,2025-26,2.2
Brian Shaw,2025-26,3.2
Brian Skinner,2025-26,2.6
Briante Weber,2025-26,5.1
Brook Lopez,2025-26,10.0
Bruce Bowen,2025-26,3.0
Bruce Brown,2025-26,8.2
Bruno Caboclo,2025-26,5.7
Bruno Fernando,2025-26,4.6
Bruno Sundov,2025-26,3.5
Bryant Reeves,2025-26,8.2
Bryant Stith,2025-26,4.4
Bryce Drew,2025-26,2.1
Bryce McGowens,2025-26,5.6
Bryn Forbes,2025-26,4.7
Bryon Russell,2025-26,3.0
Buddy Hield,2025-26,9.2
Byron Mullens,2025-26,5.7
C.J. Watson,2025-26,4.0
CJ McCollum,2025-26,18.2
CJ Miles,2025-26,4.9
CJ Wilcox,2025-26,4.7
Cade Cunningham,2025-26,24.9
Cal Bowdler,2025-26,4.1
Calbert Cheaney,2025-26,2.8
Caleb Houstan,2025-26,6.1
Caleb Martin,2025-26,7.1
Caleb Swanigan,2025-26,2.4
Calvin Booth,2025-26,1.5
Cam Reddish,2025-26,5.5
Cam Thomas,2025-26,23.3
Cameron Johnson,2025-26,13.6
Cameron Payne,2025-26,6.8
Caris LeVert,2025-26,11.2
Carl Herrera,2025-26,2.8
Carl Landry,2025-26,6.4
Carlos Arroyo,2025-26,5.3
Carlos Boozer,2025-26,9.0
Carlos Delfino,2025-26,9.2
Carlos Rogers,2025-26,3.6
Carmelo Anthony,2025-26,10.2
Caron Butler,2025-26,3.5
Carsen Edwards,2025-26,5.1
Cartier Martin,2025-26,3.0
Casey Jacobsen,2025-26,4.2
Cedi Osman,2025-26,6.0
Cedric Ceballos,2025-26,6.7
Cedric Henderson,2025-26,4.0
Cedric Simmons,2025-26,2.2
Chandler Hutchison,2025-26,4.2
Chandler Parsons,2025-26,3.6
Channing Frye,2025-26,4.2
Charles Barkley,2025-26,12.2
Charles Bassey,2025-26,5.1
Charles Oakley,2025-26,2.5
Charles Smith,2025-26,3.4
Charlie Bell,2025-26,3.1
Charlie Brown Jr.,2025-26,5.0
Charlie Villanueva,2025-26,4.6
Charlie Ward,2025-26,4.1
Chase Budinger,2025-26,4.7
Chasson Randle,2025-26,5.0
Chauncey Billups,2025-26,4.4
Cheick Diallo,2025-26,5.6
Cherokee Parks,2025-26,2.5
Chimezie Metu,2025-26,5.8
Chris Andersen,2025-26,2.7
Chris Anstey,2025-26,5.5
Chris Bosh,2025-26,16.3
Chris Boucher,2025-26,7.5
Chris Carr,2025-26,6.2
Chris Childs,2025-26,3.8
Chris Chiozza,2025-26,4.1
Chris Copeland,2025-26,3.8
Chris Crawford,2025-26,8.2
Chris Douglas-Roberts,2025-26,3.2
Chris Duarte,2025-26,3.7
Chris Dudley,2025-26,1.2
Chris Duhon,2025-26,3.1
Chris Gatling,2025-26,5.7
Chris Johnson,2025-26,6.2
Chris Kaman,2025-26,5.2
Chris McCullough,2025-26,4.6
Chris Mihm,2025-26,2.8
Chris Mills,2025-26,4.6
Chris Morris,2025-26,3.0
Chris Mullin,2025-26,4.6
Chris Paul,2025-26,6.5
Chris Quinn,2025-26,4.2
Chris Silva,2025-26,5.0
Chris Singleton,2025-26,5.7
Chris Webber,2025-26,5.6
Chris Whitney,2025-26,3.6
Chris Wilcox,2025-26,4.6
Chris Wright,2025-26,4.7
Christian Braun,2025-26,16.9
Christian Laettner,2025-26,4.6
Christian Wood,2025-26,8.3
Chuck Hayes,2025-26,2.1
Chuck Person,2025-26,3.6
Chucky Atkins,2025-26,3.1
Chucky Brown,2025-26,2.8
Chuma Okeke,2025-26,4.9
Clar. Weatherspoon,2025-26,3.3
Clifford Robinson,2025-26,3.1
Clint Capela,2025-26,8.2
Coby White,2025-26,18.5
Cody Martin,2025-26,5.4
Cody Zeller,2025-26,3.6
Cole Aldrich,2025-26,3.3
Cole Anthony,2025-26,11.6
Cole Swider,2025-26,4.8
Collin Sexton,2025-26,17.8
Corey Benjamin,2025-26,8.4
Corey Brewer,2025-26,3.4
Corey Kispert,2025-26,8.7
Corey Maggette,2025-26,7.5
Corie Blount,2025-26,2.4
Corliss Williamson,2025-26,6.3
Cory Alexander,2025-26,3.6
Cory Joseph,2025-26,3.3
Courtney Alexander,2025-26,8.1
Courtney Lee,2025-26,4.4
Craig Smith,2025-26,4.8
Cristiano Felicio,2025-26,2.5
Cuttino Mobley,2025-26,10.0
D'Angelo Russell,2025-26,12.8
D.J. Augustin,2025-26,4.7
D.J. Wilson,2025-26,5.7
DJ Mbenga,2025-26,2.0
DJ White,2025-26,4.6
DaJuan Summers,2025-26,4.4
DaQuan Jeffries,2025-26,4.6
Daequan Cook,2025-26,6.0
Dahntay Jones,2025-26,6.5
Daishen Nix,2025-26,5.5
Dajuan Wagner,2025-26,6.6
Dalano Banton,2025-26,8.1
Dale Davis,2025-26,1.4
Dale Ellis,2025-26,5.6
Dalen Terry,2025-26,6.4
Dalibor Bagaric,2025-26,3.4
Damian Jones,2025-26,3.9
Damian Lillard,2025-26,25.9
Damien Wilkins,2025-26,3.1
Damion James,2025-26,3.6
Damion Lee,2025-26,4.6
Damjan Rudez,2025-26,2.3
Damon Jones,2025-26,4.3
Damon Stoudamire,2025-26,4.3
Damone Brown,2025-26,5.4
Damyean Dotson,2025-26,4.0
Dan Dickau,2025-26,5.9
Dan Gadzuric,2025-26,3.1
Dan Langhi,2025-26,4.0
Dan Majerle,2025-26,3.8
Dan Schayes,2025-26,2.6
Dana Barros,2025-26,4.1
Daniel Gafford,2025-26,9.5
Daniel Gibson,2025-26,6.3
Daniel Orton,2025-26,4.3
Daniel Santiago,2025-26,2.9
Daniel Theis,2025-26,3.8
Danilo Gallinari,2025-26,5.0
Danny Ferry,2025-26,2.8
Danny Fortson,2025-26,3.8
Danny Granger,2025-26,5.0
Danny Green,2025-26,4.6
Danny Manning,2025-26,3.2
Dante Cunningham,2025-26,3.6
Dante Exum,2025-26,8.5
Danuel House Jr.,2025-26,3.5
Dario Saric,2025-26,3.8
Darius Bazley,2025-26,6.0
Darius Garland,2025-26,19.7
Darius Miles,2025-26,6.2
Darius Miller,2025-26,4.2
Darius Morris,2025-26,4.6
Darius Songaila,2025-26,3.2
Darko Milicic,2025-26,5.1
Darnell Jackson,2025-26,4.1
Darrell Armstrong,2025-26,3.6
Darrell Arthur,2025-26,4.1
Darren Collison,2025-26,4.4
Darrick Martin,2025-26,3.8
Darrun Hilliard,2025-26,4.1
Darvin Ham,2025-26,1.6
David Duke Jr.,2025-26,5.6
David Harrison,2025-26,4.9
David Lee,2025-26,6.0
David Nwaba,2025-26,4.8
David Robinson,2025-26,7.9
David Roddy,2025-26,5.3
David Vaughn,2025-26,5.1
David Wesley,2025-26,4.1
David West,2025-26,4.4
David Wingate,2025-26,3.6
Davion Mitchell,2025-26,8.7
Davis Bertans,2025-26,3.6
Davon Reed,2025-26,3.0
Day'Ron Sharpe,2025-26,7.4
De'Aaron Fox,2025-26,24.6
De'Andre Hunter,2025-26,16.6
De'Anthony Melton,2025-26,10.0
DeAndre Jordan,2025-26,3.7
DeAndre Liggins,2025-26,3.0
DeAndre' Bembry,2025-26,5.9
DeJuan Blair,2025-26,2.8
DeMar DeRozan,2025-26,19.5
DeMarcus Cousins,2025-26,7.4
DeMarre Carroll,2025-26,4.9
DeSagana Diop,2025-26,1.6
DeShawn Stevenson,2025-26,3.2
Dean Garrett,2025-26,2.3
Dean Wade,2025-26,5.1
Deandre Ayton,2025-26,11.7
Dee Brown,2025-26,3.5
Dejounte Murray,2025-26,14.1
Dell Curry,2025-26,4.7
Delon Wright,2025-26,3.3
Delonte West,2025-26,9.0
Demetrius Jackson,2025-26,5.2
Deni Avdija,2025-26,17.8
Dennis Rodman,2025-26,3.7
Dennis Schröder,2025-26,11.9
Dennis Scott,2025-26,4.1
Dennis Smith Jr.,2025-26,6.7
Denzel Valentine,2025-26,4.2
DerMarr Johnson,2025-26,4.1
Derek Anderson,2025-26,4.6
Derek Fisher,2025-26,4.4
Derek Harper,2025-26,4.7
Derek Strong,2025-26,3.3
Deron Williams,2025-26,8.8
Derrick Brown,2025-26,6.9
Derrick Coleman,2025-26,3.6
Derrick Dial,2025-26,3.6
Derrick Favors,2025-26,4.9
Derrick Jones Jr.,2025-26,8.9
Derrick McKey,2025-26,2.4
Derrick Rose,2025-26,6.0
Derrick Walton Jr.,2025-26,5.3
Derrick White,2025-26,16.2
Derrick Williams,2025-26,4.1
Desmond Bane,2025-26,18.1
Desmond Mason,2025-26,3.3
Detlef Schrempf,2025-26,4.8
Devean George,2025-26,2.6
Devin Booker,2025-26,27.5
Devin Brown,2025-26,6.0
Devin Ebanks,2025-26,5.4
Devin Harris,2025-26,4.8
Devin Vassell,2025-26,17.1
Devon Dotson,2025-26,4.4
Devontae Cacok,2025-26,4.7
Devonte' Graham,2025-26,6.1
Dewayne Dedmon,2025-26,4.6
Dexter Pittman,2025-26,3.4
Deyonta Davis,2025-26,4.8
Dickey Simpkins,2025-26,4.0
Dikembe Mutombo,2025-26,1.8
Dillon Brooks,2025-26,11.4
Dion Glover,2025-26,5.2
Dion Waiters,2025-26,9.7
Dirk Nowitzki,2025-26,5.8
Domantas Sabonis,2025-26,16.3
Dominic McGuire,2025-26,2.2
Dominick Barlow,2025-26,5.3
Dominique Jones,2025-26,5.6
Don MacLean,2025-26,4.0
Don Reid,2025-26,5.1
Donald Sloan,2025-26,6.5
Donatas Motiejunas,2025-26,4.0
Donnell Harvey,2025-26,6.3
Donny Marshall,2025-26,2.8
Donovan Mitchell,2025-26,25.0
Donte DiVincenzo,2025-26,11.6
Donte Greene,2025-26,5.7
Donyell Marshall,2025-26,3.9
Dorell Wright,2025-26,6.1
Dorian Finney-Smith,2025-26,6.8
Doug Christie,2025-26,3.6
Doug McDermott,2025-26,5.1
Doug Overton,2025-26,2.8
Doug West,2025-26,2.5
Dragan Bender,2025-26,6.5
Draymond Green,2025-26,7.0
Drew Barry,2025-26,3.0
Drew Eubanks,2025-26,4.9
Drew Gooden,2025-26,3.7
Dru Smith,2025-26,6.2
Duane Causwell,2025-26,2.5
Duane Ferrell,2025-26,4.3
Duncan Robinson,2025-26,8.7
Dwayne Bacon,2025-26,7.6
Dwayne Jones,2025-26,2.4
Dwight Buycks,2025-26,7.1
Dwight Howard,2025-26,4.6
Dwight Powell,2025-26,3.0
Dwyane Wade,2025-26,11.1
Dylan Windler,2025-26,2.6
Dyson Daniels,2025-26,12.9
E'Twaun Moore,2025-26,5.1
Earl Barron,2025-26,3.7
Earl Boykins,2025-26,4.4
Earl Clark,2025-26,3.9
Earl Watson,2025-26,2.6
Ed Davis,2025-26,1.5
Eddie Gill,2025-26,3.7
Eddie Griffin,2025-26,4.1
Eddie House,2025-26,5.2
Eddie Johnson,2025-26,4.3
Eddie Jones,2025-26,3.7
Eddie Robinson,2025-26,5.9
Eddy Curry,2025-26,5.3
Edmond Sumner,2025-26,7.2
Eduardo Najera,2025-26,1.6
Ekpe Udoh,2025-26,2.1
Elden Campbell,2025-26,3.6
Eldridge Recasner,2025-26,3.7
Elfrid Payton,2025-26,3.9
Elijah Millsap,2025-26,3.8
Elliot Perry,2025-26,3.5
Elliot Williams,2025-26,2.7
Elton Brand,2025-26,3.1
Emanual Davis,2025-26,3.4
Emeka Okafor,2025-26,4.5
Emmanuel Mudiay,2025-26,5.0
Enes Kanter,2025-26,10.9
Eric Bledsoe,2025-26,8.0
Eric Gordon,2025-26,5.0
Eric Maynor,2025-26,3.6
Eric Montross,2025-26,1.7
Eric Moreland,2025-26,2.2
Eric Murdock,2025-26,3.8
Eric Paschall,2025-26,6.5
Eric Piatkowski,2025-26,2.4
Eric Snow,2025-26,3.2
Eric Williams,2025-26,3.0
Erick Dampier,2025-26,2.8
Erick Strickland,2025-26,4.7
Ersan Ilyasova,2025-26,4.0
Ervin Johnson,2025-26,1.7
Etan Thomas,2025-26,2.1
Eugene Omoruyi,2025-26,6.2
Evan Eschmeyer,2025-26,1.4
Evan Fournier,2025-26,4.6
Evan Mobley,2025-26,19.4
Evan Turner,2025-26,3.7
Fabricio Oberto,2025-26,1.9
Facundo Campazzo,2025-26,5.0
Felipe Lopez,2025-26,3.8
Felton Spencer,2025-26,2.1
Festus Ezeli,2025-26,6.0
Flip Murray,2025-26,7.4
Francisco Elson,2025-26,3.7
Francisco Garcia,2025-26,3.5
Frank Jackson,2025-26,9.7
Frank Kaminsky,2025-26,4.5
Frank Mason,2025-26,6.7
Frank Ntilikina,2025-26,4.0
Frank Williams,2025-26,4.1
Franz Wagner,2025-26,25.1
Fred Hoiberg,2025-26,5.0
Fred Jones,2025-26,5.0
Fred VanVleet,2025-26,12.8
Furkan Korkmaz,2025-26,4.0
Gabe Vincent,2025-26,6.7
Garrett Temple,2025-26,2.7
Garrison Mathews,2025-26,6.5
Gary Clark,2025-26,3.0
Gary Grant,2025-26,4.5
Gary Harris,2025-26,3.6
Gary Neal,2025-26,4.5
Gary Payton,2025-26,4.6
Gary Payton II,2025-26,5.3
Gary Trent,2025-26,5.3
Gary Trent Jr.,2025-26,10.7
George Hill,2025-26,5.1
George Lynch,2025-26,3.4
George McCloud,2025-26,6.3
Georges Niang,2025-26,7.8
Gerald Green,2025-26,7.1
Gerald Henderson,2025-26,8.6
Gerald Wallace,2025-26,2.7
Gerald Wilkins,2025-26,5.1
Gerard King,2025-26,4.7
Giannis Antetokounmpo,2025-26,27.1
Gilbert Arenas,2025-26,7.9
Glen Davis,2025-26,5.3
Glen Rice,2025-26,3.8
Glenn Robinson,2025-26,9.4
Glenn Robinson III,2025-26,4.5
Goga Bitadze,2025-26,7.0
Goran Dragic,2025-26,5.6
Gordan Giricek,2025-26,5.7
Gordon Hayward,2025-26,7.5
Gorgui Dieng,2025-26,3.7
Grant Hill,2025-26,4.4
Grant Long,2025-26,3.1
Grant Williams,2025-26,8.5
Grayson Allen,2025-26,9.5
Greg Anthony,2025-26,5.5
Greg Brown III,2025-26,3.9
Greg Buckner,2025-26,3.0
Greg Foster,2025-26,3.2
Greg Minor,2025-26,6.0
Greg Monroe,2025-26,5.2
Greg Oden,2025-26,5.4
Greg Ostertag,2025-26,1.8
Greg Smith,2025-26,2.9
Greg Stiemsma,2025-26,2.1
Greivis Vasquez,2025-26,4.1
Guerschon Yabusele,2025-26,8.6
Gustavo Ayon,2025-26,3.9
Hakeem Olajuwon,2025-26,5.7
Hakim Warrick,2025-26,5.5
Hamed Haddadi,2025-26,2.9
Hamidou Diallo,2025-26,5.8
Harrison Barnes,2025-26,8.9
Harry Giles III,2025-26,3.7
Harvey Grant,2025-26,3.1
Hasheem Thabeet,2025-26,2.1
Hassan Whiteside,2025-26,7.0
Haywood Highsmith,2025-26,5.6
Haywoode Workman,2025-26,3.9
Hedo Turkoglu,2025-26,3.5
Henry Ellenson,2025-26,7.1
Henry Sims,2025-26,5.7
Henry Walker,2025-26,6.1
Herb Williams,2025-26,2.0
Herbert Jones,2025-26,9.2
Hersey Hawkins,2025-26,4.0
Hilton Armstrong,2025-26,2.7
Hollis Thompson,2025-26,5.5
Horace Grant,2025-26,3.2
Hot Rod Williams,2025-26,2.3
Howard Eisley,2025-26,4.0
Hubert Davis,2025-26,2.6
Ian Clark,2025-26,7.1
Ian Mahinmi,2025-26,5.4
Ignas Brazdeikis,2025-26,5.2
Ike Austin,2025-26,3.7
Ike Diogu,2025-26,4.0
Iman Shumpert,2025-26,4.2
Ime Udoka,2025-26,2.5
Immanuel Quickley,2025-26,16.1
Ira Newble,2025-26,3.2
Isaac Bonga,2025-26,3.1
Isaac Okoro,2025-26,6.0
Isaiah Canaan,2025-26,5.5
Isaiah Hartenstein,2025-26,10.9
Isaiah Jackson,2025-26,7.4
Isaiah Joe,2025-26,10.5
Isaiah Livers,2025-26,5.4
Isaiah Mobley,2025-26,4.9
Isaiah Rider,2025-26,8.1
Isaiah Roby,2025-26,5.1
Isaiah Stewart,2025-26,6.5
Isaiah Thomas,2025-26,4.6
Ish Smith,2025-26,3.3
Ish Wainright,2025-26,3.1
Ivica Zubac,2025-26,14.8
J.J. Barea,2025-26,8.1
J.R. Reid,2025-26,3.3
JD Davison,2025-26,4.0
JJ Hickson,2025-26,6.7
JJ Redick,2025-26,6.6
JR Smith,2025-26,4.2
JT Thor,2025-26,4.9
Ja Morant,2025-26,24.3
JaKarr Sampson,2025-26,7.7
JaMychal Green,2025-26,4.6
JaVale McGee,2025-26,4.2
Jabari Parker,2025-26,6.2
Jabari Smith,2025-26,3.6
Jabari Smith Jr.,2025-26,12.1
Jabari Walker,2025-26,7.4
Jacque Vaughn,2025-26,3.8
Jaden Hardy,2025-26,9.1
Jaden Ivey,2025-26,16.7
Jaden McDaniels,2025-26,11.4
Jaden Springer,2025-26,4.1
Jae Crowder,2025-26,3.5
Jae'Sean Tate,2025-26,4.5
Jahidi White,2025-26,3.5
Jahlil Okafor,2025-26,5.1
Jahmi'us Ramsey,2025-26,6.2
Jake LaRavia,2025-26,6.5
Jake Layman,2025-26,3.7
Jake Tsakalidis,2025-26,2.3
Jake Voskuhl,2025-26,2.0
Jakob Poeltl,2025-26,12.8
Jalen Brunson,2025-26,24.7
Jalen Duren,2025-26,11.7
Jalen Green,2025-26,20.9
Jalen Johnson,2025-26,18.5
Jalen McDaniels,2025-26,6.0
Jalen Rose,2025-26,6.8
Jalen Smith,2025-26,8.7
Jalen Suggs,2025-26,15.1
Jalen Williams,2025-26,18.1
Jamaal Magloire,2025-26,1.4
Jamaal Tinsley,2025-26,3.5
Jamal Cain,2025-26,5.4
Jamal Crawford,2025-26,4.9
Jamal Mashburn,2025-26,16.6
Jamal Murray,2025-26,19.2
Jamal Sampson,2025-26,2.0
Jamaree Bouyea,2025-26,5.2
Jamario Moon,2025-26,3.2
Jameer Nelson,2025-26,4.4
James Anderson,2025-26,5.5
James Bouknight,2025-26,6.0
James Ennis III,2025-26,4.2
James Harden,2025-26,20.5
James Johnson,2025-26,2.7
James Jones,2025-26,4.0
James Michael McAdoo,2025-26,4.8
James Nunnally,2025-26,3.0
James Posey,2025-26,3.8
James Robinson,2025-26,3.4
James Singleton,2025-26,7.0
James White,2025-26,3.9
James Wiseman,2025-26,6.1
James Young,2025-26,5.9
Jamie Feick,2025-26,3.9
Jamison Brewer,2025-26,3.8
Jan Vesely,2025-26,4.6
Jannero Pargo,2025-26,3.8
Jared Butler,2025-26,8.2
Jared Cunningham,2025-26,5.8
Jared Dudley,2025-26,1.6
Jared Harper,2025-26,8.0
Jared Jeffries,2025-26,2.4
Jared Rhoden,2025-26,7.9
Jared Sullinger,2025-26,5.7
Jarell Martin,2025-26,5.1
Jaren Jackson,2025-26,3.3
Jaren Jackson Jr.,2025-26,20.0
Jarnell Stokes,2025-26,3.8
Jarred Vanderbilt,2025-26,5.7
Jarrell Brantley,2025-26,6.5
Jarrett Allen,2025-26,13.5
Jarrett Culver,2025-26,7.1
Jarrett Jack,2025-26,6.2
Jarron Collins,2025-26,1.6
Jarvis Hayes,2025-26,7.1
Jason Caffey,2025-26,4.1
Jason Collier,2025-26,5.6
Jason Collins,2025-26,1.3
Jason Hart,2025-26,3.5
Jason Kapono,2025-26,2.8
Jason Kidd,2025-26,5.0
Jason Maxiell,2025-26,3.4
Jason Richardson,2025-26,7.2
Jason Smith,2025-26,3.0
Jason Terry,2025-26,3.7
Jason Thompson,2025-26,3.7
Jason Williams,2025-26,3.5
Javonte Green,2025-26,5.1
Jawad Williams,2025-26,4.1
Jaxson Hayes,2025-26,4.9
Jay Huff,2025-26,5.5
Jay Scrubb,2025-26,5.9
Jaylen Brown,2025-26,21.0
Jaylen Hoard,2025-26,12.4
Jaylen Morris,2025-26,5.1
Jaylen Nowell,2025-26,7.3
Jaylin Williams,2025-26,5.9
Jayson Tatum,2025-26,25.9
Jayson Williams,2025-26,6.8
Jeff Adrien,2025-26,3.4
Jeff Ayres,2025-26,2.9
Jeff Dowtin Jr.,2025-26,5.8
Jeff Foster,2025-26,1.9
Jeff Green,2025-26,4.0
Jeff Hornacek,2025-26,10.6
Jeff McInnis,2025-26,2.7
Jeff Teague,2025-26,5.8
Jeff Trepagnier,2025-26,4.6
Jeff Withey,2025-26,3.1
Jeffery Taylor,2025-26,5.3
Jelani McCoy,2025-26,2.5
Jerami Grant,2025-26,12.5
Jeremiah Robinson-Earl,2025-26,5.4
Jeremy Evans,2025-26,4.0
Jeremy Lamb,2025-26,7.9
Jeremy Lin,2025-26,9.0
Jeremy Pargo,2025-26,7.5
Jeremy Richardson,2025-26,6.7
Jeremy Sochan,2025-26,11.0
Jeremy Tyler,2025-26,4.5
Jerian Grant,2025-26,6.6
Jericho Sims,2025-26,2.9
Jermaine Jackson,2025-26,2.1
Jermaine O'Neal,2025-26,6.5
Jerome James,2025-26,3.2
Jerome Kersey,2025-26,3.4
Jerome Moiso,2025-26,2.1
Jerome Robinson,2025-26,4.6
Jerome Williams,2025-26,4.0
Jerry Stackhouse,2025-26,2.8
Jerryd Bayless,2025-26,7.1
Jevon Carter,2025-26,5.4
Jim Jackson,2025-26,4.1
Jim McIlvaine,2025-26,1.5
Jimmer Fredette,2025-26,3.8
Jimmy Butler,2025-26,20.9
Jimmy Oliver,2025-26,4.4
Jiri Welsch,2025-26,6.2
Joakim Noah,2025-26,3.6
Jock Landale,2025-26,4.8
Jodie Meeks,2025-26,5.5
Joe Dumars,2025-26,8.8
Joe Harris,2025-26,3.4
Joe Ingles,2025-26,3.2
Joe Johnson,2025-26,5.5
Joe Kleine,2025-26,2.9
Joe Smith,2025-26,3.4
Joe Stephens,2025-26,5.1
Joe Young,2025-26,5.2
Joel Anthony,2025-26,1.2
Joel Embiid,2025-26,24.3
Joel Freeland,2025-26,2.8
Joel Przybilla,2025-26,1.7
Joey Dorsey,2025-26,3.1
Joey Graham,2025-26,4.6
Joffrey Lauvergne,2025-26,5.1
Johan Petro,2025-26,3.5
John Amaechi,2025-26,2.9
John Collins,2025-26,16.6
John Crotty,2025-26,4.0
John Henson,2025-26,5.5
John Jenkins,2025-26,4.5
John Konchar,2025-26,3.1
John Lucas III,2025-26,5.5
John Salmons,2025-26,2.8
John Starks,2025-26,5.2
John Stockton,2025-26,9.1
John Thomas,2025-26,1.6
John Wall,2025-26,9.7
John Wallace,2025-26,3.7
Johnathan Motley,2025-26,3.9
Johnny Davis,2025-26,4.1
Johnny Juzang,2025-26,7.1
Johnny Newman,2025-26,5.5
Johnny O'Bryant III,2025-26,4.8
Johnny Taylor,2025-26,4.0
Jon Barry,2025-26,3.7
Jon Brockman,2025-26,2.2
Jon Leuer,2025-26,3.8
Jonas Jerebko,2025-26,4.8
Jonas Valančiūnas,2025-26,8.2
Jonathan Bender,2025-26,4.9
Jonathan Isaac,2025-26,4.8
Jonathan Kuminga,2025-26,15.1
Jonathon Simmons,2025-26,6.5
Jonny Flynn,2025-26,9.0
Jordan Bell,2025-26,3.0
Jordan Clarkson,2025-26,13.9
Jordan Crawford,2025-26,8.2
Jordan Farmar,2025-26,4.4
Jordan Goodwin,2025-26,6.6
Jordan Hamilton,2025-26,8.4
Jordan Hill,2025-26,4.0
Jordan McLaughlin,2025-26,2.7
Jordan McRae,2025-26,9.0
Jordan Mickey,2025-26,4.6
Jordan Nwora,2025-26,6.6
Jordan Poole,2025-26,16.9
Jorge Gutierrez,2025-26,2.9
Jose Alvarado,2025-26,9.4
Jose Calderon,2025-26,2.5
Josh Boone,2025-26,4.8
Josh Childress,2025-26,1.9
Josh Christopher,2025-26,4.8
Josh Davis,2025-26,2.3
Josh Giddey,2025-26,15.1
Josh Green,2025-26,6.7
Josh Harrellson,2025-26,4.4
Josh Hart,2025-26,11.1
Josh Howard,2025-26,5.1
Josh Huestis,2025-26,4.2
Josh Jackson,2025-26,8.1
Josh McRoberts,2025-26,3.9
Josh Minott,2025-26,4.7
Josh Okogie,2025-26,6.5
Josh Powell,2025-26,3.6
Josh Richardson,2025-26,4.7
Josh Smith,2025-26,4.5
Joshua Primo,2025-26,5.9
Jrue Holiday,2025-26,10.1
Juan Dixon,2025-26,4.8
Juan Toscano-Anderson,2025-26,2.4
Juancho Hernangomez,2025-26,3.7
Jud Buechler,2025-26,1.9
Julian Champagnie,2025-26,8.3
Julian Wright,2025-26,5.2
Julius Randle,2025-26,17.6
Julyan Stone,2025-26,3.0
Jumaine Jones,2025-26,4.4
Junior Harrington,2025-26,6.9
Justin Anderson,2025-26,4.6
Justin Champagnie,2025-26,6.9
Justin Hamilton,2025-26,4.8
Justin Harper,2025-26,4.1
Justin Holiday,2025-26,3.9
Justin Jackson,2025-26,2.8
Justin Minaya,2025-26,2.5
Justin Patton,2025-26,5.6
Justin Reed,2025-26,4.1
Justin Robinson,2025-26,5.7
Justise Winslow,2025-26,5.1
Jusuf Nurkić,2025-26,6.6
Juwan Howard,2025-26,3.8
Juwan Morgan,2025-26,3.4
KJ McDaniels,2025-26,6.9
KZ Okpala,2025-26,3.6
Kadeem Allen,2025-26,5.7
Kai Jones,2025-26,4.6
Kaniel Dickens,2025-26,4.6
Kareem Rush,2025-26,2.7
Karl Malone,2025-26,14.2
Karl-Anthony Towns,2025-26,22.0
Kawhi Leonard,2025-26,18.1
Kedrick Brown,2025-26,3.7
Keegan Murray,2025-26,12.4
Keita Bates-Diop,2025-26,4.3
Keith Askins,2025-26,1.8
Keith Bogans,2025-26,3.6
Keith Closs,2025-26,6.2
Keith McLeod,2025-26,6.0
Keith Van Horn,2025-26,6.9
Kelan Martin,2025-26,5.5
Keldon Johnson,2025-26,13.0
Kelenna Azubuike,2025-26,6.1
Kelly Olynyk,2025-26,6.7
Kelly Oubre Jr.,2025-26,13.5
Kelvin Cato,2025-26,2.8
Kemba Walker,2025-26,7.1
Kendall Gill,2025-26,4.6
Kendall Marshall,2025-26,5.1
Kendrick Nunn,2025-26,8.7
Kendrick Perkins,2025-26,3.3
Kenneth Faried,2025-26,9.4
Kenny Anderson,2025-26,3.8
Kenny Thomas,2025-26,1.3
Kenrich Williams,2025-26,5.1
Kent Bazemore,2025-26,3.6
Kentavious Caldwell-Pope,2025-26,8.0
Kenyon Martin,2025-26,2.8
Kenyon Martin Jr.,2025-26,13.6
Keon Clark,2025-26,4.7
Keon Ellis,2025-26,8.3
Keon Johnson,2025-26,8.7
Kerry Kittles,2025-26,5.4
Kessler Edwards,2025-26,5.8
Kevin Durant,2025-26,25.2
Kevin Edwards,2025-26,3.5
Kevin Garnett,2025-26,3.6
Kevin Huerter,2025-26,9.7
Kevin Johnson,2025-26,6.0
Kevin Knox II,2025-26,6.3
Kevin Love,2025-26,4.7
Kevin Martin,2025-26,8.4
Kevin Ollie,2025-26,2.9
Kevin Porter Jr.,2025-26,11.8
Kevin Seraphin,2025-26,4.9
Kevin Willis,2025-26,3.0
Kevon Looney,2025-26,5.7
Keyon Dooling,2025-26,3.9
Khalid Reeves,2025-26,4.4
Khem Birch,2025-26,2.7
Khris Middleton,2025-26,9.5
Khyri Thomas,2025-26,12.2
Killian Hayes,2025-26,8.3
Kira Lewis Jr.,2025-26,4.8
Kirk Hinrich,2025-26,3.5
Kirk Snyder,2025-26,5.9
Klay Thompson,2025-26,13.1
Kobe Bryant,2025-26,12.6
Kobi Simmons,2025-26,5.9
Kornel David,2025-26,3.2
Kosta Koufos,2025-26,4.0
Kostas Antetokounmpo,2025-26,4.4
Kris Dunn,2025-26,6.2
Kris Humphries,2025-26,3.5
Kristaps Porziņģis,2025-26,17.3
Kurt Thomas,2025-26,1.7
Kwame Brown,2025-26,2.7
Kyle Anderson,2025-26,5.4
Kyle Guy,2025-26,5.5
Kyle Korver,2025-26,5.7
Kyle Kuzma,2025-26,13.6
Kyle Lowry,2025-26,3.6
Kyle O'Quinn,2025-26,3.7
Kyle Singler,2025-26,2.5
Kyle Weaver,2025-26,6.3
Kyrie Irving,2025-26,24.0
Kyrylo Fesenko,2025-26,4.5
LaMarcus Aldridge,2025-26,11.3
LaMelo Ball,2025-26,25.3
LaPhonso Ellis,2025-26,4.0
Lamar Odom,2025-26,4.0
Lamar Stevens,2025-26,5.2
Lamond Murray,2025-26,3.5
Lance Stephenson,2025-26,8.0
Lance Thomas,2025-26,3.2
Landry Fields,2025-26,1.8
Landry Shamet,2025-26,7.5
Langston Galloway,2025-26,3.2
Laron Profit,2025-26,5.2
Larry Hughes,2025-26,4.2
Larry Johnson,2025-26,7.7
Larry Nance Jr.,2025-26,7.1
Larry Robinson,2025-26,3.7
Larry Sanders,2025-26,4.7
Latrell Sprewell,2025-26,11.5
Lauri Markkanen,2025-26,16.0
Lavor Postell,2025-26,6.4
Lavoy Allen,2025-26,3.5
Lawrence Funderburke,2025-26,3.1
Lazar Hayward,2025-26,3.5
LeBron James,2025-26,25.5
Leandro Barbosa,2025-26,5.3
Lee Mayberry,2025-26,5.0
Lee Nailon,2025-26,5.1
Leon Powe,2025-26,6.3
Lester Hudson,2025-26,4.6
Lester Quinones,2025-26,6.6
Linas Kleiza,2025-26,6.8
Lindell Wigginton,2025-26,5.1
Lindsey Hunter,2025-26,3.4
Lindy Waters III,2025-26,5.5
Linton Johnson,2025-26,2.0
Lonnie Walker IV,2025-26,9.1
Lonny Baxter,2025-26,3.3
Lonzo Ball,2025-26,9.4
Loren Woods,2025-26,3.9
Lorenzen Wright,2025-26,2.0
Lorenzo Brown,2025-26,3.1
Lorenzo Williams,2025-26,2.8
Lou Amundson,2025-26,3.4
Lou Williams,2025-26,6.9
Louis King,2025-26,12.2
Loy Vaught,2025-26,3.1
Luc Longley,2025-26,2.8
Luc Mbah a Moute,2025-26,4.3
Lucas Nogueira,2025-26,3.9
Lucious Harris,2025-26,4.0
Luguentz Dort,2025-26,9.7
Luis Scola,2025-26,3.8
Luka Dončić,2025-26,27.0
Luka Garza,2025-26,4.8
Luka Samanic,2025-26,6.1
Luke Babbitt,2025-26,4.3
Luke Jackson,2025-26,4.8
Luke Kennard,2025-26,9.3
Luke Kornet,2025-26,5.7
Luke Ridnour,2025-26,4.0
Luke Walton,2025-26,3.2
Luol Deng,2025-26,4.6
Luther Head,2025-26,5.2
Maceo Baston,2025-26,3.1
Maciej Lampe,2025-26,3.7
Mahmoud Abdul-Rauf,2025-26,5.8
Malachi Flynn,2025-26,5.3
Malachi Richardson,2025-26,4.9
Malaki Branham,2025-26,8.8
Malcolm Brogdon,2025-26,9.8
Malcolm Miller,2025-26,3.0
Malcolm Thomas,2025-26,2.8
Malik Allen,2025-26,1.8
Malik Beasley,2025-26,14.7
Malik Monk,2025-26,16.7
Malik Rose,2025-26,3.6
Malik Sealy,2025-26,10.3
Mamadi Diakite,2025-26,2.7
Mamadou N'diaye,2025-26,2.7
Manny Harris,2025-26,5.0
Manu Ginobili,2025-26,7.5
MarJon Beauchamp,2025-26,3.9
MarShon Brooks,2025-26,6.5
Marc Gasol,2025-26,5.3
Marc Jackson,2025-26,5.1
Marcin Gortat,2025-26,4.9
Marco Belinelli,2025-26,5.6
Marcus Banks,2025-26,4.2
Marcus Camby,2025-26,3.3
Marcus Fizer,2025-26,5.6
Marcus Haislip,2025-26,3.7
Marcus Morris,2025-26,13.3
Marcus Morris Sr.,2025-26,5.6
Marcus Smart,2025-26,9.1
Marcus Thornton,2025-26,5.6
Marcus Williams,2025-26,6.8
Mardy Collins,2025-26,4.1
Mario Chalmers,2025-26,6.8
Mario Elie,2025-26,4.7
Mario Hezonja,2025-26,5.1
Mario West,2025-26,3.3
Mark Blount,2025-26,4.4
Mark Bryant,2025-26,1.7
Mark Davis,2025-26,6.7
Mark Hendrickson,2025-26,3.0
Mark Jackson,2025-26,4.6
Mark Madsen,2025-26,2.2
Mark Pope,2025-26,2.5
Mark Strickland,2025-26,3.1
Mark West,2025-26,1.4
Mark Williams,2025-26,13.8
Markel Brown,2025-26,5.0
Markelle Fultz,2025-26,4.3
Markieff Morris,2025-26,3.2
Marko Jaric,2025-26,3.9
Marquese Chriss,2025-26,6.5
Marquis Daniels,2025-26,3.6
Marquis Teague,2025-26,4.6
Marreese Speights,2025-26,7.1
Martell Webster,2025-26,4.1
Marty Conlon,2025-26,2.7
Marvin Bagley III,2025-26,6.5
Marvin Williams,2025-26,5.1
Mason Jones,2025-26,3.4
Mason Plumlee,2025-26,3.8
Mateen Cleaves,2025-26,4.0
Matisse Thybulle,2025-26,6.4
Matt Barnes,2025-26,5.3
Matt Bonner,2025-26,3.3
Matt Bullard,2025-26,3.2
Matt Carroll,2025-26,3.7
Matt Geiger,2025-26,4.2
Matt Harpring,2025-26,5.1
Matt Maloney,2025-26,3.4
Matt Ryan,2025-26,3.3
Matt Thomas,2025-26,4.4
Matthew Dellavedova,2025-26,2.6
Maurice Ager,2025-26,4.3
Maurice Evans,2025-26,3.5
Maurice Harkless,2025-26,4.8
Maurice Taylor,2025-26,3.6
Max Christie,2025-26,8.6
Max Strus,2025-26,9.3
Maxi Kleber,2025-26,2.9
Mehmet Okur,2025-26,6.3
Melvin Ely,2025-26,3.0
Melvin Frazier Jr.,2025-26,6.8
Mengke Bateer,2025-26,2.7
Metta World Peace,2025-26,2.7
Meyers Leonard,2025-26,4.0
Mfiondu Kabengele,2025-26,3.2
Micah Potter,2025-26,3.4
Michael Beasley,2025-26,7.0
Michael Bradley,2025-26,1.6
Michael Cage,2025-26,1.4
Michael Carter-Williams,2025-26,4.8
Michael Curry,2025-26,2.0
Michael Dickerson,2025-26,8.2
Michael Doleac,2025-26,2.3
Michael Finley,2025-26,5.4
Michael Hawkins,2025-26,2.5
Michael Jordan,2025-26,16.7
Michael Kidd-Gilchrist,2025-26,3.9
Michael Olowokandi,2025-26,2.4
Michael Porter Jr.,2025-26,18.5
Michael Redd,2025-26,6.5
Michael Ruffin,2025-26,1.7
Michael Smith,2025-26,3.4
Michael Stewart,2025-26,1.7
Michael Sweetney,2025-26,4.8
Mickael Gelabale,2025-26,3.7
Mickael Pietrus,2025-26,4.7
Mikal Bridges,2025-26,15.6
Mike Bibby,2025-26,3.8
Mike Conley,2025-26,7.2
Mike Dunleavy,2025-26,4.8
Mike Harris,2025-26,3.8
Mike James,2025-26,7.2
Mike Miller,2025-26,1.8
Mike Muscala,2025-26,3.8
Mike Scott,2025-26,3.3
Mike Wilks,2025-26,3.9
Mikki Moore,2025-26,3.6
Miles Bridges,2025-26,19.3
Miles McBride,2025-26,9.2
Miles Plumlee,2025-26,3.1
Milt Palacio,2025-26,6.4
Mirza Teletovic,2025-26,5.9
Mitch Richmond,2025-26,6.7
Mitchell Butler,2025-26,3.5
Mitchell Robinson,2025-26,5.7
Miye Oni,2025-26,3.4
Mo Bamba,2025-26,5.0
Mo Williams,2025-26,7.2
Monta Ellis,2025-26,8.4
Monte Morris,2025-26,5.5
Montrezl Harrell,2025-26,6.4
Monty Williams,2025-26,3.7
Moochie Norris,2025-26,3.8
Mookie Blaylock,2025-26,4.9
Moritz Wagner,2025-26,11.7
Morris Almond,2025-26,5.8
Morris Peterson,2025-26,3.0
Moses Brown,2025-26,5.4
Moses Moody,2025-26,9.3
Mouhamed Sene,2025-26,5.6
Moussa Diabaté,2025-26,6.4
Muggsy Bogues,2025-26,3.8
Mychal Mulder,2025-26,5.5
Myles Turner,2025-26,15.0
Naji Marshall,2025-26,12.6
Nassir Little,2025-26,6.5
Nate Robinson,2025-26,6.6
Nate Wolters,2025-26,4.1
Nathan Knight,2025-26,4.4
Naz Reid,2025-26,13.9
Nazr Mohammed,2025-26,2.9
Neemias Queta,2025-26,5.4
Nemanja Bjelica,2025-26,5.3
Nenad Krstic,2025-26,7.6
Nene,2025-26,3.9
Nerlens Noel,2025-26,3.1
Nic Claxton,2025-26,9.6
Nick Anderson,2025-26,4.0
Nick Collison,2025-26,2.2
Nick Richards,2025-26,9.2
Nick Van Exel,2025-26,5.5
Nick Young,2025-26,5.3
Nickeil Alexander-Walker,2025-26,9.3
Nicolas Batum,2025-26,3.4
Nik Stauskas,2025-26,4.5
Nikola Jokić,2025-26,25.7
Nikola Jović,2025-26,10.3
Nikola Mirotic,2025-26,13.3
Nikola Pekovic,2025-26,6.2
Nikola Vučević,2025-26,15.7
Nikoloz Tskitishvili,2025-26,3.1
Noah Vonleh,2025-26,2.4
Norman Powell,2025-26,17.8
Norris Cole,2025-26,4.5
Norvel Pelle,2025-26,2.8
O.J. Mayo,2025-26,8.4
OG Anunoby,2025-26,17.9
Obi Toppin,2025-26,9.9
Obinna Ekezie,2025-26,4.5
Ochai Agbaji,2025-26,8.5
Olden Polynice,2025-26,4.4
Oleksiy Pecherov,2025-26,5.5
Oliver Miller,2025-26,3.3
Olivier Sarr,2025-26,3.8
Olumide Oyedeji,2025-26,1.9
Omer Asik,2025-26,1.7
Omer Yurtseven,2025-26,5.0
Omri Casspi,2025-26,5.2
Onyeka Okongwu,2025-26,13.1
Orien Greene,2025-26,4.1
Orlando Johnson,2025-26,4.7
Orlando Robinson,2025-26,5.5
Oshae Brissett,2025-26,7.0
Othella Harrington,2025-26,2.3
Othyus Jeffers,2025-26,3.9
Otis Thorpe,2025-26,3.7
Otto Porter Jr.,2025-26,3.2
Ousmane Dieng,2025-26,6.4
P.J. Brown,2025-26,2.7
P.J. Washington,2025-26,13.7
PJ Dozier,2025-26,2.4
PJ Tucker,2025-26,2.4
Pablo Prigioni,2025-26,3.0
Paolo Banchero,2025-26,24.1
Pape Sow,2025-26,2.7
Pascal Siakam,2025-26,18.4
Pat Burke,2025-26,2.7
Pat Connaughton,2025-26,3.9
Pat Garrity,2025-26,2.0
Patrick Beverley,2025-26,5.2
Patrick Ewing,2025-26,5.8
Patrick McCaw,2025-26,5.9
Patrick O'Bryant,2025-26,3.0
Patrick Patterson,2025-26,3.4
Patrick Williams,2025-26,7.8
Patty Mills,2025-26,3.4
Pau Gasol,2025-26,5.4
Paul Davis,2025-26,4.5
Paul George,2025-26,15.7
Paul Millsap,2025-26,4.2
Paul Pierce,2025-26,4.5
Paul Reed,2025-26,5.7
Paul Watson,2025-26,3.3
Payton Pritchard,2025-26,13.9
Peja Stojakovic,2025-26,7.1
Perry Jones III,2025-26,4.4
Pervis Ellison,2025-26,1.6
Pete Chilcutt,2025-26,2.5
Peyton Watson,2025-26,7.8
Phil Pressey,2025-26,5.0
Pooh Richardson,2025-26,3.9
Popeye Jones,2025-26,3.6
Pops Mensah-Bonsu,2025-26,2.4
Precious Achiuwa,2025-26,6.0
Predrag Drobnjak,2025-26,7.5
Primoz Brezec,2025-26,2.3
Quentin Grimes,2025-26,11.9
Quentin Richardson,2025-26,2.9
Quenton Jackson,2025-26,5.3
Quincy Acy,2025-26,3.1
Quincy Douby,2025-26,6.4
Quincy Lewis,2025-26,4.1
Quincy Miller,2025-26,5.4
Quincy Pondexter,2025-26,2.6
Quinn Cook,2025-26,3.6
Quinndary Weatherspoon,2025-26,5.5
Quinton Ross,2025-26,1.9
Qyntel Woods,2025-26,5.6
R.J. Hampton,2025-26,4.6
RJ Barrett,2025-26,19.8
RJ Hunter,2025-26,13.9
Raef LaFrentz,2025-26,2.5
Rafael Araujo,2025-26,2.8
Rafer Alston,2025-26,6.5
Raja Bell,2025-26,5.7
Rajon Rondo,2025-26,3.9
Ramon Sessions,2025-26,4.4
Randolph Morris,2025-26,3.4
Randy Brown,2025-26,3.0
Randy Foye,2025-26,4.3
Randy Livingston,2025-26,3.8
Rashad McCants,2025-26,9.2
Rashad Vaughn,2025-26,4.3
Rashard Lewis,2025-26,3.4
Rasheed Wallace,2025-26,4.5
Rasho Nesterovic,2025-26,3.8
Rasual Butler,2025-26,3.7
Raul Neto,2025-26,4.1
Ray Allen,2025-26,8.2
Ray McCallum,2025-26,4.9
Rayjon Tucker,2025-26,5.4
Raymond Felton,2025-26,4.2
Reece Gaines,2025-26,4.4
Reggie Bullock,2025-26,6.7
Reggie Evans,2025-26,3.4
Reggie Jackson,2025-26,5.3
Reggie Jordan,2025-26,2.6
Reggie Miller,2025-26,11.9
Reggie Slater,2025-26,3.7
Reggie Williams,2025-26,4.8
Renaldo Balkman,2025-26,3.7
Rex Chapman,2025-26,5.5
Rex Walters,2025-26,3.5
Richard Hamilton,2025-26,7.2
Richard Jefferson,2025-26,2.8
Richaun Holmes,2025-26,5.6
Richie Frahm,2025-26,4.0
Rick Brunson,2025-26,3.9
Rick Fox,2025-26,4.6
Rick Mahorn,2025-26,2.0
Ricky Davis,2025-26,4.8
Ricky Rubio,2025-26,5.4
Rik Smits,2025-26,10.9
Robert Covington,2025-26,4.0
Robert Horry,2025-26,2.7
Robert Pack,2025-26,4.1
Robert Sacre,2025-26,3.3
Robert Swift,2025-26,4.5
Robert Traylor,2025-26,5.4
Robert Williams III,2025-26,6.1
Robin Lopez,2025-26,4.1
Rod Strickland,2025-26,4.6
Rodions Kurucs,2025-26,4.8
Rodney Buford,2025-26,6.2
Rodney Carney,2025-26,6.8
Rodney Hood,2025-26,3.7
Rodney McGruder,2025-26,4.0
Rodney Rogers,2025-26,6.8
Rodney Stuckey,2025-26,6.3
Rodney White,2025-26,7.0
Rodrigue Beaubois,2025-26,6.7
Roger Mason Jr.,2025-26,3.9
Romeo Langford,2025-26,5.1
Ron Baker,2025-26,3.3
Ron Harper,2025-26,5.5
Ron Mercer,2025-26,6.5
Ronald Dupree,2025-26,2.8
Rondae Hollis-Jefferson,2025-26,4.9
Ronnie Brewer,2025-26,3.2
Ronnie Price,2025-26,3.6
Ronny Turiaf,2025-26,3.5
Rony Seikaly,2025-26,5.2
Roshown McLeod,2025-26,7.7
Roy Hibbert,2025-26,4.7
Roy Rogers,2025-26,2.4
Royal Ivey,2025-26,3.2
Royce O'Neale,2025-26,6.7
Ruben Patterson,2025-26,5.9
Rudy Fernandez,2025-26,9.1
Rudy Gay,2025-26,5.2
Rudy Gobert,2025-26,10.5
Rui Hachimura,2025-26,12.7
Russell Westbrook,2025-26,11.2
Rusty LaRue,2025-26,3.5
Ryan Anderson,2025-26,3.8
Ryan Arcidiacono,2025-26,2.0
Ryan Bowen,2025-26,1.9
Ryan Gomes,2025-26,2.2
Ryan Hollins,2025-26,2.5
Ryan Humphrey,2025-26,6.4
Ryan Kelly,2025-26,3.0
Ryan Rollins,2025-26,7.7
Saben Lee,2025-26,4.7
Saddiq Bey,2025-26,12.9
Salah Mejri,2025-26,3.0
Salim Stoudamire,2025-26,7.5
Sam Cassell,2025-26,9.2
Sam Dekker,2025-26,5.4
Sam Hauser,2025-26,9.6
Sam Jacobson,2025-26,5.8
Sam Mack,2025-26,3.8
Sam Merrill,2025-26,7.6
Sam Mitchell,2025-26,3.9
Sam Perkins,2025-26,3.3
Sam Young,2025-26,3.6
Samaki Walker,2025-26,2.2
Samardo Samuels,2025-26,4.1
Samuel Dalembert,2025-26,3.8
Sandro Mamukelashvili,2025-26,5.5
Santi Aldama,2025-26,12.3
Sasha Pavlovic,2025-26,2.6
Sasha Vujacic,2025-26,4.0
Scot Pollard,2025-26,1.6
Scott Burrell,2025-26,4.6
Scott Padgett,2025-26,2.5
Scott Williams,2025-26,2.5
Scottie Barnes,2025-26,18.6
Scottie Pippen,2025-26,5.1
Scotty Hopson,2025-26,4.2
Scotty Pippen Jr.,2025-26,10.1
Sean Elliott,2025-26,6.5
Sean Kilpatrick,2025-26,7.8
Sean Marks,2025-26,1.4
Sean May,2025-26,5.0
Sean Rooks,2025-26,2.6
Sean Williams,2025-26,4.5
Sebastian Telfair,2025-26,7.7
Sekou Doumbouya,2025-26,7.0
Semi Ojeleye,2025-26,3.1
Serge Ibaka,2025-26,5.0
Sergey Karasev,2025-26,3.9
Sergio Rodriguez,2025-26,7.5
Seth Curry,2025-26,4.6
Shabazz Muhammad,2025-26,6.9
Shabazz Napier,2025-26,9.8
Shaedon Sharpe,2025-26,19.2
Shai Gilgeous-Alexander,2025-26,28.0
Shake Milton,2025-26,5.9
Shammond Williams,2025-26,3.9
Shandon Anderson,2025-26,3.1
Shane Battier,2025-26,3.6
Shane Larkin,2025-26,7.1
Shannon Brown,2025-26,5.1
Shaquille Harrison,2025-26,4.0
Shaquille O'Neal,2025-26,7.2
Shareef Abdur-Rahim,2025-26,3.9
Shaun Livingston,2025-26,3.7
Shavlik Randolph,2025-26,2.7
Shawn Bradley,2025-26,3.2
Shawn Kemp,2025-26,4.2
Shawn Marion,2025-26,5.1
Shawn Respert,2025-26,3.7
Shawne Williams,2025-26,4.2
Shawnelle Scott,2025-26,3.7
Shelden Williams,2025-26,4.9
Shelvin Mack,2025-26,6.5
Sherman Douglas,2025-26,3.9
Simone Fontecchio,2025-26,5.7
Sindarius Thornwell,2025-26,4.4
Skal Labissiere,2025-26,3.8
Skylar Mays,2025-26,5.6
Slava Medvedenko,2025-26,3.7
Smush Parker,2025-26,7.5
Solomon Hill,2025-26,3.8
Solomon Jones,2025-26,2.0
Sonny Weems,2025-26,5.2
Speedy Claxton,2025-26,4.5
Spencer Dinwiddie,2025-26,8.6
Spencer Hawes,2025-26,5.3
Stacey Augmon,2025-26,2.8
Stanley Johnson,2025-26,4.9
Stanley Roberts,2025-26,3.5
Stanley Umude,2025-26,5.3
Stephen Curry,2025-26,25.5
Stephen Graham,2025-26,3.5
Stephen Jackson,2025-26,3.6
Stephon Marbury,2025-26,5.4
Sterling Brown,2025-26,4.1
Steve Blake,2025-26,3.9
Steve Francis,2025-26,5.8
Steve Kerr,2025-26,3.6
Steve Nash,2025-26,5.2
Steve Novak,2025-26,2.6
Steven Adams,2025-26,4.0
Steven Hunter,2025-26,2.3
Steven Smith,2025-26,4.3
Stojko Vrankovic,2025-26,3.1
Stromile Swift,2025-26,3.8
Sundiata Gaines,2025-26,6.5
Svi Mykhailiuk,2025-26,7.4
T.J. Ford,2025-26,4.0
T.J. McConnell,2025-26,6.8
TJ Leaf,2025-26,4.0
TJ Warren,2025-26,4.2
Tacko Fall,2025-26,3.1
Taj Gibson,2025-26,3.0
Talen Horton-Tucker,2025-26,7.7
Tamar Slay,2025-26,5.6
Tarence Kinsey,2025-26,4.6
Tari Eason,2025-26,11.6
Tarik Black,2025-26,4.6
Tariq Abdul-Wahad,2025-26,4.2
Taurean Prince,2025-26,6.7
Tayshaun Prince,2025-26,3.3
Terance Mann,2025-26,7.5
Terence Davis,2025-26,8.2
Terence Morris,2025-26,3.1
Terrance Ferguson,2025-26,6.3
Terrell Brandon,2025-26,11.5
Terrence Jones,2025-26,4.3
Terrence Ross,2025-26,6.7
Terrence Williams,2025-26,6.4
Terry Cummings,2025-26,6.4
Terry Davis,2025-26,1.8
Terry Dehere,2025-26,4.3
Terry Mills,2025-26,3.3
Terry Porter,2025-26,5.9
Terry Rozier,2025-26,9.2
Terry Taylor,2025-26,3.6
Thabo Sefolosha,2025-26,2.9
Thaddeus Young,2025-26,3.2
Thanasis Antetokounmpo,2025-26,3.0
Theo Maledon,2025-26,5.5
Theo Pinson,2025-26,2.7
Theo Ratliff,2025-26,3.0
Thomas Bryant,2025-26,5.6
Thomas Robinson,2025-26,5.7
Thon Maker,2025-26,6.3
Tiago Splitter,2025-26,4.6
Tierre Brown,2025-26,6.2
Tim Duncan,2025-26,8.1
Tim Frazier,2025-26,3.4
Tim Hardaway,2025-26,5.2
Tim Hardaway Jr.,2025-26,7.8
Tim James,2025-26,3.6
Tim Legler,2025-26,3.4
Tim Thomas,2025-26,5.4
Timofey Mozgov,2025-26,3.7
Timothe Luwawu-Cabarrot,2025-26,5.3
Tobias Harris,2025-26,11.9
Todd Day,2025-26,4.4
Todd Fuller,2025-26,4.0
Todd MacCulloch,2025-26,7.1
Tom Gugliotta,2025-26,2.7
Tom Hammonds,2025-26,3.1
Tomas Satoransky,2025-26,3.8
Toney Douglas,2025-26,4.5
Toni Kukoc,2025-26,3.8
Tony Allen,2025-26,4.2
Tony Battie,2025-26,2.1
Tony Bradley,2025-26,4.6
Tony Delk,2025-26,6.0
Tony Massenburg,2025-26,2.7
Tony Parker,2025-26,7.3
Tony Smith,2025-26,3.5
Tony Snell,2025-26,3.5
Tony Wroten,2025-26,13.0
Torrey Craig,2025-26,3.4
Tracy McGrady,2025-26,4.6
Tracy Murray,2025-26,3.5
Trae Young,2025-26,24.3
Trajan Langdon,2025-26,5.8
Travis Best,2025-26,4.5
Travis Diener,2025-26,5.4
Travis Knight,2025-26,1.6
Travis Outlaw,2025-26,5.4
Tre Jones,2025-26,7.3
Tre Mann,2025-26,12.0
Tremaine Fowlkes,2025-26,3.2
Tremont Waters,2025-26,5.5
Trendon Watford,2025-26,8.8
Trent Forrest,2025-26,2.6
Trenton Hassell,2025-26,2.7
Trevelin Queen,2025-26,5.6
Treveon Graham,2025-26,4.8
Trevor Ariza,2025-26,3.9
Trevor Booker,2025-26,5.5
Trey Burke,2025-26,6.2
Trey Johnson,2025-26,3.7
Trey Lyles,2025-26,5.8
Trey Murphy III,2025-26,19.2
Tristan Thompson,2025-26,2.5
Troy Brown Jr.,2025-26,5.4
Troy Daniels,2025-26,6.3
Troy Hudson,2025-26,4.0
Troy Murphy,2025-26,2.9
Troy Williams,2025-26,5.6
Ty Jerome,2025-26,10.8
Ty Lawson,2025-26,9.0
TyTy Washington Jr.,2025-26,3.1
Tyler Cook,2025-26,4.8
Tyler Dorsey,2025-26,5.9
Tyler Ennis,2025-26,6.4
Tyler Hansbrough,2025-26,2.7
Tyler Herro,2025-26,23.8
Tyler Johnson,2025-26,3.6
Tyler Zeller,2025-26,4.4
Tyreke Evans,2025-26,12.0
Tyrese Haliburton,2025-26,19.0
Tyrese Maxey,2025-26,25.0
Tyrone Corbin,2025-26,3.2
Tyrone Hill,2025-26,3.4
Tyrone Nesby,2025-26,6.4
Tyrone Wallace,2025-26,3.7
Tyronn Lue,2025-26,4.7
Tyrus Thomas,2025-26,5.8
Tyson Chandler,2025-26,2.8
Tyus Edney,2025-26,7.1
Tyus Jones,2025-26,9.8
Udoka Azubuike,2025-26,3.5
Udonis Haslem,2025-26,3.7
Usman Garuba,2025-26,4.3
Vander Blue,2025-26,6.1
Vernon Carey Jr.,2025-26,4.1
Vernon Maxwell,2025-26,5.2
Victor Claver,2025-26,3.0
Victor Oladipo,2025-26,8.5
Viktor Khryapa,2025-26,4.5
Vin Baker,2025-26,4.4
Vince Carter,2025-26,4.2
Vince Williams Jr.,2025-26,7.3
Vinny Del Negro,2025-26,5.3
Vitaly Potapenko,2025-26,2.7
Vlade Divac,2025-26,4.2
Vladimir Radmanovic,2025-26,2.7
Vladimir Stepania,2025-26,3.3
Vlatko Čančar,2025-26,3.0
Von Wafer,2025-26,6.9
Vonteego Cummings,2025-26,4.8
Voshon Lenard,2025-26,5.4
Vít Krejčí,2025-26,6.4
Wade Baldwin IV,2025-26,4.5
Walker Kessler,2025-26,9.5
Wally Szczerbiak,2025-26,6.9
Walt Williams,2025-26,4.7
Walter Herrmann,2025-26,3.5
Walter McCarty,2025-26,3.0
Wang Zhi-zhi,2025-26,3.3
Wayne Ellington,2025-26,4.1
Wayne Selden,2025-26,5.9
Wendell Carter Jr.,2025-26,9.2
Wendell Moore Jr.,2025-26,5.0
Wenyen Gabriel,2025-26,4.4
Wes Iwundu,2025-26,5.9
Wesley Johnson,2025-26,2.8
Wesley Matthews,2025-26,2.8
Wesley Person,2025-26,5.0
Will Barton,2025-26,6.3
Will Bynum,2025-26,5.3
Will Perdue,2025-26,2.2
William Avery,2025-26,4.4
Willie Burton,2025-26,3.7
Willie Cauley-Stein,2025-26,3.0
Willie Green,2025-26,4.0
Willie Reed,2025-26,4.9
Willy Hernangomez,2025-26,5.9
Wilson Chandler,2025-26,5.0
Xavier Henry,2025-26,5.6
Xavier Moon,2025-26,2.9
Xavier Tillman,2025-26,2.9
Yakhouba Diawara,2025-26,2.8
Yao Ming,2025-26,11.4
Yi Jianlian,2025-26,4.1
Yogi Ferrell,2025-26,6.1
Yuta Watanabe,2025-26,3.4
Zach Collins,2025-26,6.6
Zach LaVine,2025-26,19.9
Zach Randolph,2025-26,9.9
Zan Tabak,2025-26,3.6
Zarko Cabarkapa,2025-26,4.8
Zaza Pachulia,2025-26,4.0
Zeke Nnaji,2025-26,4.6
Zeljko Rebraca,2025-26,4.1
Zendon Hamilton,2025-26,3.7
Ziaire Williams,2025-26,7.7
Zion Williamson,2025-26,24.5
Zoran Planinic,2025-26,5.0
Zydrunas Ilgauskas,2025-26,4.8
